<?xml version="1.0" encoding="UTF-8"?>
<project xmlns="http://maven.apache.org/POM/4.0.0" xmlns:xsi="http://www.w3.org/2001/XMLSchema-instance" xsi:schemaLocation="http://maven.apache.org/POM/4.0.0 http://maven.apache.org/maven-v4_0_0.xsd">
  <modelVersion>4.0.0</modelVersion>
  <groupId>sae-s2.01-2023</groupId>
  <artifactId>DailyBank</artifactId>
  <name>DailyBank App</name>
  <version>1.0</version>
  <build>
    <plugins>
      <plugin>
        <groupId>org.openjfx</groupId>
        <artifactId>javafx-maven-plugin</artifactId>
        <version>${javafx.maven.plugin.version}</version>
        <configuration>
          <mainClass>application.DailyBankApp</mainClass>
        </configuration>
      </plugin>
      <plugin>
        <artifactId>maven-shade-plugin</artifactId>
        <version>${maven.shade.plugin.version}</version>
        <executions>
          <execution>
            <goals>
              <goal>shade</goal>
            </goals>
            <configuration>
              <shadedArtifactAttached>true</shadedArtifactAttached>
              <transformers>
                <transformer>
                  <mainClass>application.DailyBankApp</mainClass>
                </transformer>
              </transformers>
            </configuration>
          </execution>
        </executions>
      </plugin>
      <plugin>
        <artifactId>maven-javadoc-plugin</artifactId>
        <version>3.5.0</version>
        <configuration>
          <show>public</show>
          <nohelp>false</nohelp>
        </configuration>
      </plugin>
    </plugins>
  </build>
  <profiles>
    <profile>
      <id>run-javafx</id>
      <build>
        <plugins>
          <plugin>
            <groupId>org.openjfx</groupId>
            <artifactId>javafx-maven-plugin</artifactId>
            <executions>
              <execution>
                <goals>
                  <goal>run</goal>
                </goals>
              </execution>
            </executions>
          </plugin>
        </plugins>
      </build>
    </profile>
  </profiles>
  <properties>
    <maven.compiler.source>17</maven.compiler.source>
    <javafx.maven.plugin.version>0.0.8</javafx.maven.plugin.version>
    <maven.shade.plugin.version>3.4.1</maven.shade.plugin.version>
    <maven.compiler.target>17</maven.compiler.target>
    <project.build.sourceEncoding>UTF-8</project.build.sourceEncoding>
    <javafx.version>17</javafx.version>
  </properties>
</project>
